"","SITE","YEAR","SEASON","sd_TEMP","TEMP_C"
"1","ABUR","2002","COLD",0.808611137908769,14.9596191756272
"2","ABUR","2002","WARM",0.867063458365628,15.0540311986864
"3","ABUR","2003","COLD",1.54901106381433,13.1638935017559
"4","ABUR","2003","WARM",1.35308665825695,15.229011475651
"5","ABUR","2004","COLD",1.03776728133033,13.8169249601458
"6","ABUR","2004","WARM",1.77351770071031,16.2289123554123
"7","ABUR","2005","COLD",1.38995053069285,13.8621803553858
"8","ABUR","2005","WARM",1.44401551020888,15.0589983310313
"9","ABUR","2006","COLD",1.29739095852778,13.2653869323448
"10","ABUR","2006","WARM",1.43927228837248,15.8142113138056
"11","ABUR","2007","COLD",0.984667377826134,12.931209121954
"12","ABUR","2007","WARM",1.47499211829386,15.0021594636589
"13","ABUR","2008","COLD",1.1124781356058,12.624067628914
"14","ABUR","2008","WARM",1.42620678586117,15.760309910221
"15","ABUR","2009","COLD",0.912361579542415,12.9601074468085
"16","ABUR","2009","WARM",1.49141446949859,15.4956390895596
"17","ABUR","2010","COLD",1.28949695088404,13.0577996457266
"18","ABUR","2010","WARM",1.50773508341931,14.3989463915746
"19","ABUR","2011","COLD",1.16787044192377,12.8295682962246
"20","ABUR","2011","WARM",1.39748015455653,14.9887598142273
"21","ABUR","2012","COLD",1.23118681291172,13.2242019702436
"22","ABUR","2012","WARM",1.37076511941898,15.8286812266189
"23","ABUR","2013","COLD",1.22004816482206,13.4112988179996
"24","ABUR","2013","WARM",1.28329090658657,15.8250663431396
"25","ABUR","2014","COLD",1.83446410576802,14.7821447010476
"26","ABUR","2014","WARM",1.70912078333629,17.8888169968124
"27","ABUR","2015","COLD",1.46450169537152,15.2720783309793
"28","ABUR","2015","WARM",2.3995103210656,18.1887079162085
"29","ABUR","2016","COLD",1.07790681574038,14.5237569669072
"30","ABUR","2016","WARM",1.565342028267,16.0816540784051
"31","ABUR","2017","COLD",0.990267599022012,13.877971112181
"32","ABUR","2017","WARM",1.31799707807453,16.5734166378913
"33","ABUR","2018","COLD",1.55965112609394,13.9289577902395
"34","ABUR","2018","WARM",1.77865494208199,17.4464250656858
"35","ABUR","2019","COLD",1.37072208007386,13.9314554614152
"36","ABUR","2019","WARM",1.35495312708769,16.3884747957187
"37","ABUR","2020","COLD",0.889431681600992,14.4759400274573
"38","ABUR","2020","WARM",1.28323053935798,15.2352731648222
"39","ABUR","2021","COLD",1.0263891442999,14.1548834783549
"40","ABUR","2021","WARM",0.935951106843325,15.4684244698463
"41","ABUR","2022","COLD",1.16018474823792,13.6888097801549
"42","ABUR","2022","WARM",1.68798061634374,15.925748552618
"43","ABUR","2023","COLD",1.08590819092788,13.0631016783217
"44","ABUR","2023","WARM",1.11033649032068,14.6425064228502
"45","AHND","2002","COLD",0.840605199209025,14.7682818100358
"46","AHND","2002","WARM",0.700996908045103,15.2575479112834
"47","AHND","2003","COLD",1.3889987663526,13.9339836085187
"48","AHND","2003","WARM",1.50356074066546,16.1575416666667
"49","AHND","2004","COLD",1.14451262197394,13.7390358298084
"50","AHND","2004","WARM",1.69599203171863,16.5316735957541
"51","AHND","2005","COLD",1.42964242786845,13.9321042848758
"52","AHND","2005","WARM",1.61078506359789,15.5570890246414
"53","AHND","2006","COLD",1.38827973405468,12.9981408584302
"54","AHND","2006","WARM",1.62155426978494,16.0205590579279
"55","AHND","2007","COLD",1.04710827430375,12.8036754066099
"56","AHND","2007","WARM",1.83069453312916,15.1390035679346
"57","AHND","2008","COLD",1.43653298088886,12.3290473723594
"58","AHND","2008","WARM",1.95958859793542,15.9589860159982
"59","AHND","2009","COLD",1.18731127497413,12.9696511924057
"60","AHND","2009","WARM",1.71108552697518,15.8198001266114
"61","AHND","2010","COLD",1.43738686384223,13.015642873683
"62","AHND","2010","WARM",1.48628380617515,14.6588254201197
"63","AHND","2011","COLD",1.29287932829131,12.5491908341163
"64","AHND","2011","WARM",1.63551136797999,15.3779239755985
"65","AHND","2012","COLD",1.12623602036332,14.0257710174198
"66","AHND","2012","WARM",1.46844294074657,16.7311476738531
"67","AHND","2013","COLD",1.43199078448147,13.1763109383307
"68","AHND","2013","WARM",1.43583423106737,16.1389332376479
"69","AHND","2014","COLD",2.08842803581757,14.7903703542519
"70","AHND","2014","WARM",1.60821968209907,17.818327232965
"71","AHND","2015","COLD",1.6393201410996,14.9813174462144
"72","AHND","2015","WARM",2.3468283022511,18.1439269466317
"73","AHND","2016","COLD",1.18428805498247,14.2248140214216
"74","AHND","2016","WARM",1.61260409339916,16.528102397029
"75","AHND","2017","COLD",1.08194416718069,13.6703751692238
"76","AHND","2017","WARM",1.53734116919439,16.528770492747
"77","AHND","2018","COLD",1.5633791171605,13.5651808580051
"78","AHND","2018","WARM",1.80310179698496,17.6088270388047
"79","AHND","2019","COLD",1.3477826791571,13.8925173237147
"80","AHND","2019","WARM",1.54541300304304,16.5300225585544
"81","AHND","2020","COLD",1.20531979079624,14.462334590074
"82","AHND","2020","WARM",1.59346552758096,15.5161132087074
"83","AHND","2021","COLD",1.35217305586878,13.2824406310545
"84","AHND","2021","WARM",1.24535016172316,15.5696184993311
"85","AHND","2022","COLD",1.26680213594272,13.442849419419
"86","AHND","2022","WARM",1.77362211554654,16.1845565198375
"87","AHND","2023","COLD",1.1116189365483,12.8380563908197
"88","AHND","2023","WARM",1.24956695739327,14.9817529325513
"89","AQUE","2003","COLD",1.55386313858373,12.2599081647295
"90","AQUE","2003","WARM",1.45728136518017,15.4989501815939
"91","AQUE","2004","COLD",1.09076015200246,13.5677419722159
"92","AQUE","2004","WARM",1.68207761171377,16.4128831213673
"93","AQUE","2005","COLD",1.47649356814895,13.7910991527364
"94","AQUE","2005","WARM",1.65439439700815,15.4219261092248
"95","AQUE","2006","COLD",1.36806252400023,13.1471838980597
"96","AQUE","2006","WARM",1.62562446262502,16.3344705645393
"97","AQUE","2007","COLD",1.03832081801679,12.9821977195115
"98","AQUE","2007","WARM",1.79651399152428,15.4669462507913
"99","AQUE","2008","COLD",1.29856885540248,12.6239360959143
"100","AQUE","2008","WARM",1.83673223527463,16.2430151924958
"101","AQUE","2009","COLD",1.14648195729372,13.2812655713304
"102","AQUE","2009","WARM",1.61934462214193,16.1555706968982
"103","AQUE","2010","COLD",1.43764463029151,13.1084245829675
"104","AQUE","2010","WARM",1.47023157768846,14.7748127589779
"105","AQUE","2011","COLD",1.27510886277986,12.4592440550688
"106","AQUE","2011","WARM",1.74790331528222,15.2164183673469
"107","AQUE","2012","COLD",1.47082907792056,13.1251312685223
"108","AQUE","2012","WARM",1.55531199387243,16.3390298417266
"109","AQUE","2013","COLD",1.4054224259364,13.3799284019216
"110","AQUE","2013","WARM",1.28226437230464,16.377046069291
"111","AQUE","2014","COLD",1.86288621749048,14.6011284945303
"112","AQUE","2014","WARM",1.54598062467733,18.0622408564815
"113","AQUE","2015","COLD",1.57589721965119,15.2609853087504
"114","AQUE","2015","WARM",2.28757409642266,18.45308663982
"115","AQUE","2016","COLD",1.17675549586012,14.4072345482156
"116","AQUE","2016","WARM",1.59559835496133,16.6554919410546
"117","AQUE","2017","COLD",0.688677724792951,13.9166587833816
"118","AQUE","2017","WARM",1.57660562313611,17.0785610181536
"119","AQUE","2018","COLD",1.62327884520724,13.9397757528849
"120","AQUE","2018","WARM",1.65703298981337,18.1891358135495
"121","AQUE","2019","COLD",1.31513996046506,14.0596330722892
"122","AQUE","2019","WARM",1.46582209405734,16.9140662171218
"123","AQUE","2020","COLD",1.11640645891847,14.4594669486605
"124","AQUE","2020","WARM",2.01122117231232,16.2249512071639
"125","AQUE","2021","COLD",1.27255012980348,13.4385881533672
"126","AQUE","2021","WARM",1.27775203816119,15.882434215815
"127","AQUE","2022","COLD",1.25435540069989,13.5417837462376
"128","AQUE","2022","WARM",1.77636108116697,16.3836580074124
"129","AQUE","2023","COLD",1.12176836576637,12.9348932867133
"130","AQUE","2023","WARM",1.15670683054359,15.1170636024299
"131","BULL","2003","COLD",1.52121336232487,12.1971218039773
"132","BULL","2003","WARM",1.87312281613298,15.1382646511451
"133","BULL","2004","COLD",1.13673522447907,13.4896611489776
"134","BULL","2004","WARM",1.75832818735489,16.3284783570533
"135","BULL","2005","COLD",1.53477160880838,13.5423454316464
"136","BULL","2005","WARM",1.82333532260713,14.9304931061473
"137","BULL","2006","COLD",1.44139814353356,12.8983342021431
"138","BULL","2006","WARM",1.68420275643795,15.7404080105887
"139","BULL","2007","COLD",1.11764771977126,12.718007177172
"140","BULL","2007","WARM",1.76780491608476,14.7463986879208
"141","BULL","2008","COLD",1.27277230727226,12.0274674220963
"142","BULL","2008","WARM",2.13863348729714,15.2084105207969
"143","BULL","2009","COLD",1.69865490489776,12.1386197969543
"144","BULL","2009","WARM",1.98787832216711,15.4927789279963
"145","BULL","2010","COLD",1.50243057114062,12.8846248891423
"146","BULL","2010","WARM",1.55215310768097,14.2868765253361
"147","BULL","2011","COLD",1.33993460755452,12.3455096671561
"148","BULL","2011","WARM",1.57043137344239,14.968081520488
"149","BULL","2012","COLD",1.51720084281812,12.7868750215877
"150","BULL","2012","WARM",1.62515266165456,15.9956990274501
"151","BULL","2013","COLD",1.34041423949346,13.1242750782257
"152","BULL","2013","WARM",1.37783052242923,15.7892362207427
"153","BULL","2014","COLD",1.90711104433674,14.2475749840829
"154","BULL","2014","WARM",1.71397141648522,17.498823300915
"155","BULL","2015","COLD",1.69072542194002,14.8523428722219
"156","BULL","2015","WARM",2.33343300396822,17.7106009623797
"157","BULL","2016","COLD",1.19980069884825,13.9556716625195
"158","BULL","2016","WARM",1.58984262844877,16.0306573056339
"159","BULL","2017","COLD",1.36745355433011,13.3741793342981
"160","BULL","2017","WARM",1.72429525390648,16.3180022929206
"161","BULL","2018","COLD",1.61979305336767,13.4659770201435
"162","BULL","2018","WARM",1.81879043165398,17.4193507711786
"163","BULL","2019","COLD",1.37728086277217,13.6388944241316
"164","BULL","2019","WARM",1.61469726424517,16.1623405847146
"165","BULL","2020","COLD",1.21481430321401,14.0868439611326
"166","BULL","2020","WARM",2.09006565992519,15.9839708687855
"167","BULL","2021","COLD",1.28422307889989,12.5380622059345
"168","BULL","2021","WARM",1.19928958351543,15.5198420510382
"169","BULL","2022","COLD",1.35870563295783,12.7658515747482
"170","BULL","2022","WARM",1.78522250540542,15.6780417615793
"171","CARP","2002","COLD",0.842474069154691,14.8788048835125
"172","CARP","2002","WARM",0.794257548026484,15.4314395734597
"173","CARP","2003","COLD",1.2892183176107,14.0526802101271
"174","CARP","2003","WARM",1.55407736280859,16.1124104466313
"175","CARP","2004","COLD",1.0179089732437,14.2756268503758
"176","CARP","2004","WARM",1.66537529088981,17.0683073431863
"177","CARP","2005","COLD",1.08654087892609,14.5314240432934
"178","CARP","2005","WARM",1.30453413544961,15.6820901639344
"179","CARP","2006","COLD",1.45030532174258,13.9512098123025
"180","CARP","2006","WARM",1.33172048772001,16.5421678180771
"181","CARP","2007","COLD",0.948412541855709,13.5985379414924
"182","CARP","2007","WARM",1.47877134543735,15.6760986793837
"183","CARP","2008","COLD",1.10936656105869,13.0607564653357
"184","CARP","2008","WARM",1.44598679504139,16.3680768788123
"185","CARP","2009","COLD",0.921422612480874,13.6411476432532
"186","CARP","2009","WARM",1.61434601021555,16.414099637577
"187","CARP","2010","COLD",1.1082750710475,13.7877914169111
"188","CARP","2010","WARM",1.50381999996336,15.3804466106779
"189","CARP","2011","COLD",0.937363581974098,13.278525417907
"190","CARP","2011","WARM",1.40426917716309,15.603218710493
"191","CARP","2012","COLD",1.24376787507414,13.5599435259886
"192","CARP","2012","WARM",1.42448237818764,16.3703970485592
"193","CARP","2013","COLD",1.39806774751813,14.1393336618053
"194","CARP","2013","WARM",1.14009777979498,16.4004129576334
"195","CARP","2014","COLD",1.56259878619136,15.2530874269513
"196","CARP","2014","WARM",1.64100416094349,18.5303376177736
"197","CARP","2015","COLD",1.26047140162555,15.7065489105239
"198","CARP","2015","WARM",2.42200423003506,18.3783122004357
"199","CARP","2016","COLD",1.00762931775362,15.0284125922655
"200","CARP","2016","WARM",1.46407778419164,17.1637421220958
"201","CARP","2017","COLD",0.888369066299391,14.3766494103417
"202","CARP","2017","WARM",1.28193912588619,17.4363028027164
"203","CARP","2018","COLD",1.2928406868576,14.4559618158919
"204","CARP","2018","WARM",1.42724622857613,18.4548931675589
"205","CARP","2019","COLD",0.957864191062088,14.6315465590391
"206","CARP","2019","WARM",1.3023783137412,17.1842780720168
"207","CARP","2020","COLD",0.786251492021897,15.0541920867309
"208","CARP","2020","WARM",1.86924833416107,16.3954651581182
"209","CARP","2021","COLD",1.14119696294705,13.7075058694685
"210","CARP","2021","WARM",1.04762226048749,16.1626615812415
"211","CARP","2022","COLD",1.03512722112888,14.2769551547859
"212","CARP","2022","WARM",2.04939926616546,16.8821719363267
"213","CARP","2023","COLD",1.11256028486807,13.429593986014
"214","CARP","2023","WARM",1.02595190978953,14.8376209309401
"215","GOLB","2002","COLD",0.874742330566426,14.9170082885305
"216","GOLB","2002","WARM",0.758776147181295,15.5385767089094
"217","GOLB","2003","COLD",1.53267303870266,13.792865270179
"218","GOLB","2003","WARM",1.44853256460186,16.3517114491167
"219","GOLB","2004","COLD",1.12797695199127,14.1278142792075
"220","GOLB","2004","WARM",1.50590011568919,17.1114435748403
"221","GOLB","2005","COLD",1.35408365994103,14.2690692828616
"222","GOLB","2005","WARM",1.37986777123358,15.877239298725
"223","GOLB","2006","COLD",1.35067814156069,13.5235007240081
"224","GOLB","2006","WARM",1.29301555109806,16.6569609253611
"225","GOLB","2007","COLD",0.965611337513904,13.2673490768073
"226","GOLB","2007","WARM",1.69293722069045,15.9713103527651
"227","GOLB","2008","COLD",1.25652119002915,12.7505007770679
"228","GOLB","2008","WARM",1.65383814395166,16.3040137680742
"229","GOLB","2009","COLD",1.0720977928939,13.4122362608467
"230","GOLB","2009","WARM",1.50361651159352,16.4478528615845
"231","GOLB","2010","COLD",1.28069549020086,13.4787764886433
"232","GOLB","2010","WARM",1.42727957180621,15.2501563651013
"233","GOLB","2011","COLD",1.08325714703205,13.0494918708496
"234","GOLB","2011","WARM",1.49848207466532,15.6789334714549
"235","GOLB","2012","COLD",1.40555915866871,13.6498361731522
"236","GOLB","2012","WARM",1.45991166306926,16.684894061457
"237","GOLB","2013","COLD",1.29991225312262,13.4086918497607
"238","GOLB","2013","WARM",1.17754911157228,16.4058288428325
"239","GOLB","2014","COLD",1.68370065646521,15.0682240917372
"240","GOLB","2014","WARM",1.57729947486388,18.4567148284596
"241","GOLB","2015","COLD",1.38180501625526,15.5827671667277
"242","GOLB","2015","WARM",2.31576722125069,18.8240296857821
"243","GOLB","2016","COLD",1.13327588067059,14.7127569047027
"244","GOLB","2016","WARM",1.46467593842082,17.0301636912936
"245","GOLB","2017","COLD",1.09297408392557,14.0299066658602
"246","GOLB","2017","WARM",1.39968243911485,17.3819682921245
"247","GOLB","2018","COLD",1.40096763624454,14.1375701282345
"248","GOLB","2018","WARM",1.51631575838345,18.3220350402762
"249","GOLB","2019","COLD",1.28541817014715,14.0944853554063
"250","GOLB","2019","WARM",1.32739318662105,17.1505066754906
"251","GOLB","2020","COLD",1.02025321436354,14.83973042648
"252","GOLB","2020","WARM",1.7313277271121,16.4450740307242
"253","GOLB","2021","COLD",1.25486331023236,13.5661719716052
"254","GOLB","2021","WARM",1.05912263442667,16.2113351174033
"255","GOLB","2022","COLD",1.15403566574575,13.6715624803075
"256","GOLB","2022","WARM",1.09466042853857,17.2505624633431
"257","GOLB","2023","COLD",1.12467001182502,13.9798706661473
"258","GOLB","2023","WARM",1.04191060972928,15.3618594224924
"259","IVEE","2002","COLD",0.895328765391941,14.7818425179211
"260","IVEE","2002","WARM",0.864369020570421,14.6455233934972
"261","IVEE","2003","COLD",1.55894273820046,13.6451745829619
"262","IVEE","2003","WARM",1.50977119448525,14.8765236883378
"263","IVEE","2004","COLD",1.00984707081113,13.6139040081986
"264","IVEE","2004","WARM",1.70773336140826,16.1425625827243
"265","IVEE","2005","COLD",1.45476807136826,13.7844123101889
"266","IVEE","2005","WARM",1.4273266014317,14.7440178164845
"267","IVEE","2006","COLD",1.42130729388483,13.3392693164297
"268","IVEE","2006","WARM",1.40547297919893,15.5802843237705
"269","IVEE","2007","COLD",1.02136944952278,12.8524680210685
"270","IVEE","2007","WARM",1.39537351884784,14.897707314266
"271","IVEE","2008","COLD",1.18206643159077,12.5850943613349
"272","IVEE","2008","WARM",1.56948375872086,15.6176784069982
"273","IVEE","2009","COLD",1.08195461248105,13.0068757814309
"274","IVEE","2009","WARM",1.60765664910307,15.5124794063507
"275","IVEE","2010","COLD",1.33966036641938,13.0744548434299
"276","IVEE","2010","WARM",1.47890814348229,14.1816672133978
"277","IVEE","2011","COLD",1.17346740982666,12.5993339821388
"278","IVEE","2011","WARM",1.38298842477356,14.6529548802947
"279","IVEE","2012","COLD",1.35834925826498,12.9236982688071
"280","IVEE","2012","WARM",1.53660593738847,15.5821036943745
"281","IVEE","2013","COLD",1.38029536352355,13.901343966028
"282","IVEE","2013","WARM",1.3358481716997,15.7631652250773
"283","IVEE","2014","COLD",2.14538007813725,15.5100673346103
"284","IVEE","2014","WARM",1.61885087383313,17.7157591851704
"285","IVEE","2015","COLD",1.52558062830304,15.1135999528802
"286","IVEE","2015","WARM",2.37136933520545,17.3612724805183
"287","IVEE","2016","COLD",1.05420544860387,14.3026894715518
"288","IVEE","2016","WARM",1.42577265303062,16.0168425989871
"289","IVEE","2017","COLD",1.20874539846253,13.6362972331558
"290","IVEE","2017","WARM",1.42040378733748,16.2819508173132
"291","IVEE","2018","COLD",1.63481766771348,13.6483126483358
"292","IVEE","2018","WARM",1.68527327235303,17.2287945154236
"293","IVEE","2019","COLD",1.3555315582341,13.7770483880303
"294","IVEE","2019","WARM",1.36436659203978,16.1219928637201
"295","IVEE","2020","COLD",1.0257528625576,14.3794746032377
"296","IVEE","2020","WARM",1.78125325032432,15.6972704407238
"297","IVEE","2021","COLD",1.19735578056828,13.2542522011348
"298","IVEE","2021","WARM",0.965943104285795,15.1388415474642
"299","IVEE","2022","COLD",1.19989410969851,13.5071517438046
"300","IVEE","2022","WARM",1.69972131895729,15.6669216293363
"301","IVEE","2023","COLD",1.07803167379794,12.7723220979021
"302","IVEE","2023","WARM",0.913441659224638,14.4180287323484
"303","MOHK","2002","COLD",0.834475690859015,15.0305096326165
"304","MOHK","2002","WARM",0.711010771296153,15.4843832101806
"305","MOHK","2003","COLD",1.44063677474921,13.9118326621522
"306","MOHK","2003","WARM",1.58048860778892,16.0015134618214
"307","MOHK","2004","COLD",1.05947438039177,14.062653154179
"308","MOHK","2004","WARM",1.67971178085188,16.8240070207746
"309","MOHK","2005","COLD",1.52511467399047,13.5583715722012
"310","MOHK","2005","WARM",1.29836855324006,15.7387427594389
"311","MOHK","2006","COLD",1.3798122478395,13.5828027801911
"312","MOHK","2006","WARM",1.39594418442391,16.4206571905392
"313","MOHK","2007","COLD",0.947791658403475,13.1329762111478
"314","MOHK","2007","WARM",1.57230353391089,15.512968866893
"315","MOHK","2008","COLD",0.99015540674497,13.0344603653856
"316","MOHK","2008","WARM",1.59998641875893,16.4913244518617
"317","MOHK","2009","COLD",1.11598257611704,13.1246766659034
"318","MOHK","2009","WARM",1.67605648508389,16.1931843922652
"319","MOHK","2010","COLD",1.27066044498635,13.4933254471648
"320","MOHK","2010","WARM",1.49750417396765,14.9351688248158
"321","MOHK","2011","COLD",1.0669552589733,13.0544284405771
"322","MOHK","2011","WARM",1.46893816740348,15.5115123719646
"323","MOHK","2012","COLD",1.40947776014919,13.6632602712797
"324","MOHK","2012","WARM",1.51406303287265,16.3782975053412
"325","MOHK","2013","COLD",1.42553078319672,13.7928819171104
"326","MOHK","2013","WARM",1.20502456272189,16.4783768487081
"327","MOHK","2014","COLD",1.71775589133873,15.0828247380911
"328","MOHK","2014","WARM",1.57838520550399,18.4316808970856
"329","MOHK","2015","COLD",1.52141313072874,15.6355175778954
"330","MOHK","2015","WARM",2.34748658699827,18.7071118280192
"331","MOHK","2016","COLD",0.884612676911227,14.884372078828
"332","MOHK","2016","WARM",1.2401951514836,17.2058114928997
"333","MOHK","2017","COLD",1.10101515331079,14.2508423284911
"334","MOHK","2017","WARM",1.14983809013976,15.9259223072396
"335","MOHK","2018","COLD",1.40601409784343,14.2450894927752
"336","MOHK","2018","WARM",1.64235577875249,17.9791491790537
"337","MOHK","2019","COLD",1.18349092425815,14.253650397056
"338","MOHK","2019","WARM",1.29639568445068,16.8976133394717
"339","MOHK","2020","COLD",0.876580411696051,14.9248715661104
"340","MOHK","2020","WARM",1.70584550822778,16.3552927686114
"341","MOHK","2021","COLD",1.22504685876678,13.7370043044414
"342","MOHK","2021","WARM",1.04542198987433,15.9684083621239
"343","MOHK","2022","COLD",1.15822777755871,13.9257118148841
"344","MOHK","2022","WARM",1.8177039233455,16.4560035565889
"345","MOHK","2023","COLD",1.12715344649634,13.2945972027972
"346","MOHK","2023","WARM",1.07920780687621,15.1623181903159
"347","NAPL","2002","COLD",0.777310341023544,14.9194466845878
"348","NAPL","2002","WARM",0.813747070861146,15.1395137258738
"349","NAPL","2003","COLD",1.61012772440411,13.5270210849187
"350","NAPL","2003","WARM",1.43244709526901,15.9487562985358
"351","NAPL","2004","COLD",1.02630023556289,13.7145952571779
"352","NAPL","2004","WARM",1.53044421399008,16.670041884487
"353","NAPL","2005","COLD",1.27468766440028,13.9961515309371
"354","NAPL","2005","WARM",1.37388121677587,15.4235766734973
"355","NAPL","2006","COLD",1.40011346200618,13.1256984199679
"356","NAPL","2006","WARM",1.54739134469653,16.1256335157797
"357","NAPL","2007","COLD",1.01902163865555,12.985738264745
"358","NAPL","2007","WARM",1.67461134476679,15.5392156298556
"359","NAPL","2008","COLD",1.10470507586691,12.7406256911705
"360","NAPL","2008","WARM",1.6361330987554,15.6862142404881
"361","NAPL","2009","COLD",1.13388591734941,13.1013476070529
"362","NAPL","2009","WARM",1.60922990532544,16.004615296081
"363","NAPL","2010","COLD",1.39690204225032,13.1021366190588
"364","NAPL","2010","WARM",1.46231050698331,14.6095100713628
"365","NAPL","2011","COLD",1.18472959001165,12.8008172658576
"366","NAPL","2011","WARM",1.43750700994005,15.1061618611878
"367","NAPL","2012","COLD",1.40280499431642,12.9596489549232
"368","NAPL","2012","WARM",1.59129498446559,15.9817366388309
"369","NAPL","2013","COLD",1.33924668483226,13.3936486455198
"370","NAPL","2013","WARM",1.22851104778713,16.0821154333065
"371","NAPL","2014","COLD",1.90459818825023,14.6773829965324
"372","NAPL","2014","WARM",1.53891663654433,18.067818571593
"373","NAPL","2015","COLD",1.41078549969653,15.3711227392449
"374","NAPL","2015","WARM",2.27966296492191,18.3855417793635
"375","NAPL","2016","COLD",1.08950838405749,14.4416914644192
"376","NAPL","2016","WARM",1.57562208177222,16.5087158779301
"377","NAPL","2017","COLD",1.24120244191913,13.6182060693295
"378","NAPL","2017","WARM",1.45000119766079,16.7651852160902
"379","NAPL","2018","COLD",1.48406429148493,13.9531705404168
"380","NAPL","2018","WARM",1.65594196008975,17.9538147839098
"381","NAPL","2019","COLD",1.31757706298041,13.982148347978
"382","NAPL","2019","WARM",1.36687656240145,16.7240146025346
"383","NAPL","2020","COLD",0.972132999684829,14.5868867993154
"384","NAPL","2020","WARM",1.63024989477833,15.7247057149776
"385","NAPL","2021","COLD",1.22283846870996,13.1075308564232
"386","NAPL","2021","WARM",1.07769665981289,15.6641669735858
"387","NAPL","2022","COLD",1.22495724325123,13.5821807894637
"388","NAPL","2022","WARM",1.76355560236458,16.1681724638015
"389","NAPL","2023","COLD",1.08359377369538,12.8934351967105
"390","NAPL","2023","WARM",0.909638204004172,15.2118468468468
"391","SCDI","2004","COLD",0.408852597793183,14.594250672043
"392","SCDI","2004","WARM",1.71324380075526,17.3477823315118
"393","SCDI","2005","COLD",0.881763705233727,13.8356091138081
"394","SCDI","2005","WARM",1.71263590118459,15.8449496460839
"395","SCDI","2006","COLD",1.04625194598658,13.2832115869018
"396","SCDI","2006","WARM",1.73335829855356,16.8417730289973
"397","SCDI","2007","COLD",0.736654504176642,13.1078238222016
"398","SCDI","2007","WARM",1.69205019748521,15.4673275018703
"399","SCDI","2008","COLD",1.08766842228647,12.6434693751544
"400","SCDI","2008","WARM",1.67981813863455,17.0447521965953
"401","SCDI","2009","COLD",0.837588548280964,13.0892058346839
"402","SCDI","2009","WARM",1.2853115715918,16.6618214936248
"403","SCDI","2010","COLD",0.931854698675385,13.2518066103265
"404","SCDI","2010","WARM",1.12327282248192,14.9748954304788
"405","SCDI","2011","COLD",0.798872769490526,12.7685046593737
"406","SCDI","2011","WARM",1.42692705223201,15.3870361418048
"407","SCDI","2012","COLD",1.12882419032881,13.2881776016324
"408","SCDI","2012","WARM",1.6342621652002,17.1963143693522
"409","SCDI","2013","COLD",0.831317436447478,13.0923789980366
"410","SCDI","2013","WARM",1.24378676815952,16.6419576929794
"411","SCDI","2014","COLD",1.48816246876481,14.5372702226141
"412","SCDI","2014","WARM",1.56403536151052,18.405003193877
"413","SCDI","2015","COLD",1.06793149674106,15.1614653204565
"414","SCDI","2015","WARM",2.25299317067884,18.7856361900353
"415","SCDI","2016","COLD",0.71888549643336,14.4068743452516
"416","SCDI","2016","WARM",1.90555251807826,17.1159773786911
"417","SCDI","2017","COLD",0.93722052066408,13.7636966012391
"418","SCDI","2017","WARM",1.69543794999746,17.3871242014388
"419","SCDI","2018","COLD",1.20327049408897,13.9753013024602
"420","SCDI","2018","WARM",1.96165403238208,18.3060673801715
"421","SCDI","2019","COLD",0.70624765376638,14.093622076903
"422","SCDI","2019","WARM",1.55343217786673,16.8394768070902
"423","SCDI","2020","COLD",0.579179942364475,14.1710443331056
"424","SCDI","2020","WARM",1.65070907953381,16.99410103781
"425","SCDI","2021","COLD",1.04159609300118,12.9364306811332
"426","SCDI","2021","WARM",1.52420993860968,16.6165267430243
"427","SCDI","2022","COLD",1.01390110441535,13.4409822517663
"428","SCDI","2022","WARM",1.57573239004801,16.6771852879226
"429","SCDI","2023","COLD",0.271290411676488,13.6491036674817
"430","SCTW","2004","COLD",0.42865000434956,14.6304267473118
"431","SCTW","2004","WARM",1.88466541327496,17.8155093804538
"432","SCTW","2005","COLD",0.805748240360756,14.0477833753149
"433","SCTW","2005","WARM",1.78034040044083,16.2511707331108
"434","SCTW","2006","COLD",1.11654288924986,13.4916681146829
"435","SCTW","2006","WARM",1.75435849691216,17.280620647983
"436","SCTW","2007","COLD",0.738902361896223,13.260402178732
"437","SCTW","2007","WARM",1.80384970957461,15.8585575987976
"438","SCTW","2008","COLD",0.835781537885176,12.6166727475423
"439","SCTW","2008","WARM",1.87091485687929,16.1579932238728
"440","SCTW","2009","COLD",0.587077377361473,10.4268280390959
"441","SCTW","2010","COLD",0.606133127456705,12.857823912714
"442","SCTW","2010","WARM",1.04698521132332,15.4743593365253
"443","SCTW","2011","COLD",0.842829893274467,13.0405779938647
"444","SCTW","2011","WARM",1.55933358970871,16.0247859239224
"445","SCTW","2012","COLD",1.08802038199187,13.2711474787014
"446","SCTW","2012","WARM",1.64831967189218,17.4293791506014
"447","SCTW","2013","COLD",0.964865651822984,13.5109825950744
"448","SCTW","2013","WARM",1.06212416938444,17.3322708219365
"449","SCTW","2014","COLD",1.31041615148331,14.6814801180761
"450","SCTW","2014","WARM",1.48132808766155,18.8247326197053
"451","SCTW","2015","COLD",0.95419499357808,15.3960643706437
"452","SCTW","2015","WARM",2.22018064182865,19.2527765107664
"453","SCTW","2016","COLD",0.710443036167572,14.5436858915964
"454","SCTW","2016","WARM",1.96923583584594,17.6122503886234
"455","SCTW","2017","COLD",0.90504450666024,13.9101754934306
"456","SCTW","2017","WARM",1.56978811888113,17.8277058992806
"457","SCTW","2018","COLD",1.10037921977962,14.214934996527
"458","SCTW","2018","WARM",1.9081852610477,18.7612651493353
"459","SCTW","2019","COLD",0.687848767506588,14.2861060321606
"460","SCTW","2019","WARM",1.44151716642514,17.6186265797392
"461","SCTW","2020","COLD",0.595916648274782,14.3787932318801
"462","SCTW","2020","WARM",1.49852928255788,17.7943082542187
"463","SCTW","2021","COLD",1.06960531240533,14.0470924293311
"464","SCTW","2021","WARM",1.34391402595299,16.8933621933622
"465","SCTW","2022","COLD",0.92924827885787,13.7271882380181
"466","SCTW","2022","WARM",1.66869627723506,17.1909537758543
"467","SCTW","2023","COLD",0.260514743566623,13.6988470945021
